{"cameraMode":{"drawMode":0,"name":"Shaded","section":"Shading Mode"},"sceneLighting":false,"audioPlay":false,"sceneViewState":{"showFog":false,"showMaterialUpdate":false,"showSkybox":false,"showFlares":false,"showImageEffects":false,"showParticleSystems":false},"in2DMode":false,"pivot":{"x":-6.989999771118164,"y":1.6399998664855958,"z":6.579999923706055},"rotation":{"x":-0.16149811446666718,"y":-0.486096054315567,"z":0.09193252772092819,"w":-0.8539188504219055},"size":8.573651313781739,"orthographic":false}