{"cameraMode":{"drawMode":0,"name":"Shaded","section":"Shading Mode"},"sceneLighting":true,"audioPlay":false,"sceneViewState":{"showFog":false,"showMaterialUpdate":false,"showSkybox":false,"showFlares":false,"showImageEffects":false,"showParticleSystems":false},"in2DMode":false,"pivot":{"x":1.5727072954177857,"y":0.602912187576294,"z":-2.4177732467651369},"rotation":{"x":-0.2726062536239624,"y":0.07207555323839188,"z":-0.020483875647187234,"w":-0.9592035412788391},"size":6.94611120223999,"orthographic":false}