{"cameraMode":{"drawMode":0,"name":"Shaded","section":"Shading Mode"},"sceneLighting":false,"audioPlay":false,"sceneViewState":{"showFog":true,"showMaterialUpdate":false,"showSkybox":true,"showFlares":true,"showImageEffects":true,"showParticleSystems":true},"in2DMode":false,"pivot":{"x":4.955986976623535,"y":0.8546706438064575,"z":-2.726487398147583},"rotation":{"x":-0.18054166436195374,"y":0.7891356348991394,"z":-0.27454665303230288,"w":-0.5189353227615356},"size":14.581330299377442,"orthographic":false}