{"cameraMode":{"drawMode":0,"name":"Shaded","section":"Shading Mode"},"sceneLighting":true,"audioPlay":false,"sceneViewState":{"showFog":false,"showMaterialUpdate":false,"showSkybox":false,"showFlares":false,"showImageEffects":false,"showParticleSystems":false},"in2DMode":false,"pivot":{"x":-3.07888126373291,"y":2.402149200439453,"z":1.0770158767700196},"rotation":{"x":0.06462357193231583,"y":0.8611947298049927,"z":-0.4912568926811218,"w":0.11328774690628052},"size":29.829471588134767,"orthographic":false}