{"cameraMode":{"drawMode":0,"name":"Shaded","section":"Shading Mode"},"sceneLighting":false,"audioPlay":false,"sceneViewState":{"showFog":false,"showMaterialUpdate":false,"showSkybox":false,"showFlares":false,"showImageEffects":false,"showParticleSystems":false},"in2DMode":false,"pivot":{"x":0.0030384957790374758,"y":0.10453179478645325,"z":0.017990842461586},"rotation":{"x":-0.3124539256095886,"y":-0.148793026804924,"z":0.04962249472737312,"w":-0.9368942975997925},"size":0.7824245095252991,"orthographic":false}